first_name,last_name,street_name,address
Jordan,RAMOSMARTINEZ,STEUART ST,14598
EMMA,BERICH,WATERLOO ST,4935
ZISSY,GUELDE,SANTA ROSA AVE,1790
Zaire,TAULLI,LINDSAY CIR,73699
Annabelle,EZZARD,WAYNE PL,98290
Ana,DAGATA,LLOYD ST,91108
ALEXA,DOUGLASS,SEAWELL LN,50025
AMBER,GREEDY,SUNSET BLVD,64212
Savannah,ABRAHAM,SAINT CHARLES AVE,5832
ADAN,CRUBEL,MARSHALL ST,38109
Heidy,SCHALER,20TH ST,74361
MAURICIO,VANDYNHOVEN,FALMOUTH ST,19461
JONATHAN,BICHLER,BARRY CT,46759
Diego,BUCHI,FRANK NORRIS ST,83881
Logan,ROSENHEIM,PARSONS ST,23271
Avery,KREMER,CONNECTICUT ST,84134
ANTONIO,MINJARES,NAYLOR ST,17739
Pearl,DORSCHEL,JERSEY ST,12359
KAMARI,BRANN,AZTEC ST,33246
Edward,NARDELLA,GABILAN WAY,65037
Emma,MANDERFIELD,COMMERCIAL ST,34809
Paige,DRYDEN,EUGENIA AVE,71138
Elijah,GLOSS,CHUMASERO DR,39630
Raquel,MCCUNE,WOOL CT,31650
ARIELA,APOLLONIO,HALLECK ST,71823
Christopher,BANKSON,JUNIOR TER,9776
DREW,CANES,HARRISON BLVD,50854
Evan,VIOLET,WATERVILLE ST,83110
Eden,MACCORMACK,EDGARDO PL,40619
LUCAS,FURTAK,FOERSTER ST,73966
Ariel,VANHOESEN,NEBRASKA ST,50250
Benjamin,CHAPUIS,FLOOD AVE,84876
Kenneth,BUFFETT,HICKS RD,3538
HAMZA,SCHICKLER,ACEVEDO AVE,22876
SUMMER,LANTER,MONTANA ST,11038
Richard,LOLLIE,OCTAVIA ST,71608
NOAM,SANGIL,HILL ST,33593
Cristopher,GANSEMER,SOUTH GATE RD,94987
ANDRE,BREST,GLOVER ST,450
RUTH,SAMBORSKI,FITZGERALD AVE,51220
Zayan,TEARNEY,LORI LN,66021
LILAH,CLAS,DORCAS WAY,22282
MARGARET,GARABITO,ISOLA WAY,16229
Mariam,ROMICH,LOCKWOOD ST,61338
AHRON,TERNOSKY,JAMESTOWN AVE,1254
Valentina,KEUSCH,SOUTH HUGHES LN,65620
Edward,SCHOAF,HILLWAY AVE,78456
Kevin,WENDRICKS,CROOK ST,46078
Maximilian,BOELK,NEY ST,52155
ALBERTO,LARIVA,ECKER ST,53242
Yousef,SHELOR,HILLCREST RD,44422
Alan,PEROVIC,HARLEM ALY,31388
Fatoumata,LOMBAS,ARKANSAS ST,1657
Laila,DEPREY,PLYMOUTH AVE,96252
ALAN,PRINGNITZ,GIRARD RD,70201
Morgan,PABLA,SFGH ACCESS,35316
ADRIANNA,HERSHKOWITZ,RENO PL,63670
Esmeralda,CORKERY,HERMANN ST,11916
Mariah,YUKNIS,LUCERNE ST,32141
MASON,WICKENS,NOBLES ALY,28496
Timothy,KILGALLON,SAN BENITO WAY,4132
Mason,OGUNDIPE,POWELL ST,60624
Peyton,VANARNAM,UNNAMED 2,72191
SEAN,ELMA,HOMER ST,2459
Karter,MARTINEZROJAS,ARROYO WAY,26829
GRACE,WIMBLEY,VINE TER,38921
Alexis,STERKEL,FRANCONIA ST,17850
NATALIA,GYSIN,SEAL ROCK DR,53119
Harrison,ADGERSON,INDUSTRIAL ST OFF RAMP,16603
Brielle,CANCHE,GARFIELD ST,74515
Malka,OATNEY,SHERWOOD CT,4849
REEM,FREDERICKSON,PAYSON ST,25985
Sophia,GEREN,REDWOOD ST,1982
Clara,IOSIA,SOUTH HUGHES LN,73501
Nadia,DUPAS,FELTON ST,46538
Omar,MANDINA,UNNAMED 148,25386
GRACE,MCLINDEN,08TH TI ST,3132
ANTHONY,LAQUERRE,UNNAMED 036,96844
GERARDO,BATOVSKY,UNNAMED 051,2649
ANTHONY,YEON,BEACH ST,83884
AVA,ADE,GATUN ALY,9856
Ivan,NEBO,TREAT LN,76048
Stephanie,VANHORNE,WASHINGTON BLVD,6982
Avery,JALBERT,LAURA ST,28973
GABRIELLE,PREISNER,YUKON ST,78319
Aria,ATTILI,ZOO RD,70491
DARREN,TOUCHETTE,URBANO DR,38338
Celeste,SUMMERLIN,VISTA VERDE CT,66794
GABRIELA,STIO,GRAYSTONE TER,73145
Brayden,SIVERT,YERBA BUENA LN,30142
ALEXA,HOGYA,MAJESTIC AVE,5136
JAMARI,BELAY,COSTA ST,53256
Mariana,VOLM,MACONDRAY LN,77183
Angelina,DOLLERSCHELL,KITTREDGE TER,70019
JOEL,MCLATCHY,ESCONDIDO AVE,57649
Jaime,REDZIC,NORTH GATE RD,90595
AVI,BAROCIO,CONTINUUM WAY,1782
Kenneth,DIPLACIDO,SEYMOUR ST,64990
Paris,BORNMANN,HANGAH ST,19039
ANNA,GUNTON,LAWRENCE AVE,5694
Abigail,EDELBERG,ANZAVISTA AVE,61473
Kyle,LANASA,OTEGA AVE,58704
Manha,HESTOR,FARVIEW CT,36083
Reuben,AMIDON,LYELL ST,20859
Victor,ANGELOPOULOS,WHIPPLE AVE,61910
Ahnaf,FLOERSCH,KIRKHAM ST,98155
Kimora,ANJUM,LEGION CT,80917
Riley,AMANCIO,MINT ST,3597
MAXIMUS,LIENTZ,TAYLOR RD,25943
CHARLES,COCOLA,WINTER PL,76728
ARYAN,MISSOURI,POST ST,8571
Joel,ZUCAL,MEADE AVE,99412
Raina,CONFAIR,SAN FRANCISCO GOLF CLUB RD,94166
ANGELA,VERBRUGGEN,KENNEDY PL,94624
Ezekiel,HASSARD,INA CT,37786
AARAV,SCHERBRING,CEDAR ST,39266
Christopher,ESPINO,PASADENA ST,17809
Valery,DARGENTO,MOSCOW ST,65332
SHARON,LANMAN,BURNS PL,44536
Anthony,SCHLOSS,SAINT GEORGE ALY,14764
Leila,KEEHAN,TREAT LN,70282
Mohammad,FATH,CARRIE ST,64846
Leila,HEUVELMAN,WASHINGTON BLVD,47211
Anaya,STIGGINS,NORTHPOINT DR,37678
Thiago,ONSTEAD,KATE ST,4493
SHIA,JOANIS,MAIN DR,10820
ISABEL,MAZIE,CHANNEL ST,78392
CAMILO,NUARA,NAUTILUS DR,38552
Livia,SERON,SCHOFIELD CT,64054
HANNAH,PORTEUS,BASS CT,30415
GENESIS,MITSUNAGA,FUNSTON RD,59664
LAUREN,FUSNER,GATEVIEW 1 CT,9938
BRENDAN,HARLANDER,LOWER TER,83460
Valeria,STOPAK,POMONA ST,60807
MADELYN,HVIZDAK,RIPLEY ST,16512
Hinda,ESTADA,01ST TI ST,79612
Richard,LIENERT,VALLETTA CT,19211
JONATHAN,PALEOLOGOS,DANVERS ST,43070
YITTA,ARENSBERG,NICHOLS WAY,41991
ANNABEL,KOPRIVA,LAUREL ST,54667
YAEL,GIOIOSA,LARKIN ST,67845
EVA,FIELDING,CONCORD ST,8988
Jaden,GOLDSBOROUGH,DANIEL BURNHAM CT,89951
Jasper,EACHES,FELIX AVE,3296
Lucien,DOBBERTIN,BRONTE ST,22088
Brian,SCHUPPERT,FELL ST,9685
Georgia,VONWALD,BURNS PL,97473
Simon,BALANTA,HAWKINS LN,50523
Paris,PINEL,BROMPTON AVE,74186
MEGAN,STAGNARO,GIBSON RD,16923
TRISTAN,ROLBIECKI,BAY SHORE BLVD ON RAMP,75420
MOISES,THUESEN,JERSEY ST,64385
Noel,STUFFLE,HARLAN PL,69698
RICHARD,REEMTSMA,MACALLA CT,66489
Hannah,BUESTAN,CARROLL AVE,50989
DANNY,CHEVAL,UPTON AVE,11050
Kaitlyn,GIARRATANO,SAN ANDREAS WAY,64676
SOFIA,TIONG,LURMONT TER,97113
Jacob,KULLING,UNNAMED 017,37533
Nolan,DEBEBE,TACOMA ST,38058
Esmeralda,LEVKOVICH,DOLORES ST,81507
EDGAR,FARSTAD,CLIPPER TER,67293
MARCOS,VERGHESE,DE HARO ST,32742
Avery,VIVANCO,PERSIA AVE,37689
Alyssa,DUHON,JUANITA WAY,16922
EMILY,ZOUCHA,VISTA LN,48302
Bryce,BOTHMAN,BLACKSTONE CT,7004
Alex,LEOPARD,DELGADO PL,1158
Madelyn,DANSER,ROCKWOOD CT,29997
MATHEW,SEPTON,GARDENSIDE DR,29243
Tamar,ALFELD,RINGOLD ST,47212
Kyle,LYLES,HEALY AVE,29800
Yaakov,MOHAMMEDALI,UNNAMED 025,12988
Milan,SEANEZ,CHANCERY LN,89255
Julie,GREER,FREDSON CT,39181
Felix,OSAWA,DAWSON PL,11746
Devin,SAMTANI,ROBINSON DR,29713
Molly,BELLMORE,DIVISION ST,29179
Isaac,HAGERDON,JAKEY CT,87866
Amalia,FURREY,FOWLER AVE,92986
JULIANA,CUBETA,HILL POINT AVE,24148
LUCAS,RHEAULT,ROBINSON DR,91457
Jessie,KOORS,NORTH POINT ST,56448
Jonah,MARTINEZJIMENE,BALMY ST,16066
BLIMA,HOENE,ALLSTON WAY,23241
Kelly,ENZOR,BROADMOOR DR,51257
Madelyn,KAWANO,RAMSEL CT,73028
Vera,PANZITTA,LINCOLN WAY,71192
ELIAS,ROTELLINI,HUSSEY ST,45973
Helen,ISGRIG,EDWARD ST,66290
Luke,BERGDALL,MASON ST,93610
Gavriel,COLEMIRE,FIFTH ST,83714
JAYLAH,NORDIN,GOLDEN CT,44067
SADIE,DUKES,CAPRA WAY,6049
Alexandra,IDSTEIN,MENOHER LN,74184
Nathaly,LAROS,SAN BRUNO AV OFF RAMP,13493
MICHAEL,WELDE,CENTURY PL,59339
Lyla,STEEVENS,BERKELEY WAY,63874
GABRIEL,CISZEWSKI,MEACHAM PL,44540
REBECCA,RUTNER,IOWA ST,95192
JEREMIAH,BLACKABY,ROCKDALE DR,18930
ELIAS,THIBAUDEAU,FAIRFIELD WAY,83201
Kate,MEOLA,RAYBURN ST,5777
LINDA,REVERMAN,HITCHCOCK LN,80572
Jacqueline,SUEING,COLEMAN ST,70491
Adriana,HACKWORTH,GOLD MINE DR,83844
Selina,GUNHAMMER,HAWKINS LN,13123
WILLIAM,NEMES,BROOK ST,44570
Francesca,CASANAS,ROSEMONT PL,50772
Amanda,STJEAN,COSTA ST,29773
Ezekiel,BORROEL,BLATCHFORD LN,12483
Timothy,PREST,LOCUST ST,66611
ROY,NAGORNY,NEY ST,47432
Chaim,BOROUGHS,MARINE DR,99131
Eloise,TRETTIN,CRESTLINE DR,72630
Maximus,ROSING,DOLPHIN CT,41612
ISAAC,SALKIND,CAMBON DR,31385
Kareem,BRIENZO,MONTAGUE PL,9878
SAMIR,DILLEN,YACHT RD,54455
LIAM,SWINGER,ANNAPOLIS TER,90975
LIBA,BILYEU,WEST PORTAL AVE,29081
Richard,DUCATTE,CRISP RD,31275
Maxwell,RENIKER,STARR KING WAY,37004
ABIGAIL,THROPE,ORSI CIR,63053
Baruch,PILATI,BRICE TER,78669
Carson,SHREIBER,WRIGHT CT,6430
Maria,TYCER,ARCO WAY,82947
ZYAIRE,CRAN,IOWA ST,93951
Taylor,CUMBUS,GARDEN ST,79453
Katerina,LAMPERT,PALACE DR,8969
DANIELA,MELLER,ROLPH ST,11612
Austin,TROWERY,PRADO ST,28563
Alvin,MIHALAK,UNNAMED 151,83007
SANIYA,SARAC,CARNELIAN WAY,42368
LESLY,BENIGHT,SUNVIEW DR,5251
Christina,SAHYOUN,LELAND AVE,63018
Nahla,GUSTKEY,MEDICAL CENTER WAY,65295
Jacky,WALBRUN,UNNAMED 044,20327
Julian,DANEHOWER,38TH AVE,39046
Baruch,GARRIQUES,MARTHA AVE,78462
Jaylen,KINGSMORE,PALM LN,9403
Luke,MOSCICKI,RICHTER AVE,46511
ZANIYAH,EBENAL,ALLISON ST,61704
Charles,YERDON,WALNUT ST,49699
WINNIE,BUDDENBAUM,RINCON ST,66964
Jacob,PROSPERIE,COVENTRY LN,13667
ESME,SHAH,BAY SHORE BLVD,99154
Jace,RADOWSKI,CAPP ST,77200
Dylan,STROUSE,PETRARCH PL,34141
AHARON,WELAGE,CIRCULAR AVE,45749
Angelina,KADAN,BRADFORD ST,31519
Elias,TRAVERS,WRIGHT CT,72885
Thomas,FRASHIER,GREENVIEW CT,46226
Alexandra,SCHWITZ,OAK GROVE ST,18967
HARRY,TOMBLESON,HAVELOCK ST,91279
Chloe,ADRION,MERCATO CT,78425
Brandon,WOLSKY,MCRAE LN,57489
William,BRAA,ESCONDIDO AVE,9082
Shalom,HORNACK,JAKEY CT,39859
Lillian,MALEKZADEH,FORT MASON 8,27694
OMAR,PORTER,UNNAMED 078,61151
Jacqueline,SIDI,LAKE ST,24636
Grayson,KROUT,ONEIDA AVE,59704
Alessandra,PHILLIS,HITCHCOCK LN,3402
Dylan,BRASCHLER,BRANNAN ST,31442
Jonathan,SMEE,MOULTRIE ST,44541
Noelle,RAFFLE,YOSEMITE AVE,95422
SIDNEY,MLYNARSKI,LAWRENCE AVE,27819
GREGORY,PLOSKI,POWERS AVE,8766
Nechama,THACKERY,PHOENIX TER,13485
Corey,UDULUTCH,DIVISADERO ST,76497
MACKENZIE,SPRANDEL,UNIVERSITY ST,22945
PRESTON,SINGHAL,WALNUT ST,51579
Alison,STILLWAGGON,BRONTE ST,34850
JAMES,JUNGER,PARKHURST ALY,67968
Michal,SCHOENBACH,FELLA PL,25270
Christian,CASCIOTTI,HWY 101 N OFF RAMP,1553
Heaven,WAEGHE,SHERMAN RD,85038
Caleb,FOX,HIGHLAND AVE,56814
Natalie,BERNAU,BRADFORD ST,63366
Jessica,STROESSNER,CLARENDON AVE,733
ERIN,DEVALCOURT,WILDWOOD WAY,60758
Dylan,CHEAVES,JAVA ST,56136
JASMINE,PARDINAS,RESTANI WAY,52605
Blake,MUKKAMALA,KRAUSGRILL PL,12749
Damian,STRITZINGER,ARMSTRONG AVE,83151
ROMAN,YARBOR,HOMER ST,63808
Lina,LORENA,LE CONTE CIR,21622
Zachary,HUXHOLD,VERNA ST,73589
JEREMY,WIDMAIER,ROCKLAND ST,51813
Maria,ZAKEL,WELDON ST,76073
PAUL,FRANCHUK,EAST FORT MILEY RD,12528
MASON,BRATTER,16TH ST,63682
AHRON,PACHULSKI,HICKORY ST,19538
Alina,HENNION,08TH ST,8840
AUBREY,JATZLAU,MANZANITA AVE,70309
Brian,SJOLUND,AMITY ALY,76489
ADRIANA,POREDA,QUICKSTEP LN,84012
Grace,LEFFEW,VICENTE ST,71370
Kimberly,SATURDAY,KERN ST,38759
Avery,BOISJOLIE,COMMERCIAL ST,18943
WILLIAM,ANNINO,ZANOWITZ ST,74986
WESLEY,BREYMEYER,JONES ST,65521
DARWIN,HENNEMANN,OSCEOLA LN,34300
Alisa,DECANDIA,CLARENDON AVE,10313
HAWA,SLAUGHTERBECK,PRESIDIO BLVD,17871
BRYAN,MUNION,EDWARD ST,35506
Malik,NOLDON,CARMEL ST,95157
SHAINDY,BELLAVANCE,SHERIDAN AVE,50804
JOEL,SUPRUN,SUMNER ST,5610
Julissa,RESCINITI,BOWMAN CT,20311
Lizbeth,GARVEY,TILLMAN PL,44552
Makayla,HISSEM,COVENTRY LN,6491
MICHELLE,KIESCHNICK,PINE ST,15724
SKYLA,PROPES,MANDALAY LN,72139
Michelle,GASCH,WOOLSEY ST,31637
Nina,ABRHAM,VAN NESS AVE,39208
Selena,SZLACHETKA,CALEDONIA ST,24336
Sofia,KOVACICH,VERNON ST,72306
CASSANDRA,MALLIK,RIVERTON DR,29245
Katerina,BURKET,VON SCHMIDT ST,58873
Emerson,TWISDALE,PUTNAM ST,87548
Aniya,DEVALERIO,NEWBURG ST,36021
Leah,ABNER,BOWLING GREEN DR,83606
ZACHARY,DUKESHIRE,BURLWOOD DR,29596
DESTINY,KINCADE,CESAR CHAVEZ ST,12982
NIKOLAS,OTTMAR,CHESTNUT ST,61439
Sophia,MAULFAIR,GIRARD RD,4394
GEORGE,ERBELE,REVERE AVE,41112
Charlie,LIBURD,MONETA WAY,80585
Jonael,FROYD,WOODHAVEN CT,2261
Reese,CORNET,LAKESHORE PLZ,81379
Safa,SALINERO,ZOE ST,95419
Kenny,MYLANDER,RAYMOND AVE,25903
Devin,FLECK,LAWTON ST,23920
Melody,PINKERT,14TH AVE,5991
Eric,DOMBROW,UNNAMED 031,15502
Dylan,HUBELE,HOFFMAN ST,32433
OLIVIA,THRELKEL,KING ST,9684
SALVATORE,BERNSTEN,HEMWAY TER,28794
Eden,CUTCHER,HARRIET LN,69814
Adam,THORNBLOOM,TIOGA AVE,67982
Amalia,BENELL,GROTE PL,80250
KIARA,ZAMORSKI,ALEMANY BLVD OFF RAMP,15524
Josephine,DUS,FELL ACCESS RD,91498
Marcus,FELIS,WILMOT ST,2121
Rachel,FERGEN,JEAN WAY,43242
Celeste,GANSKE,PATTON ST,63500
Quinn,YELVINGTON,PARNASSUS AVE,41925
Alexis,WHITEHAIR,OLMSTEAD ST,79299
Jackson,COFSKY,SHARP PL,745
Gittel,ANYAN,MORAGA AVE,55170
Franklin,DUBUQUE,POTRERO AVE,71445
Jonael,COINS,MERRIMAC ST,78559
Kaleb,VIK,FARNUM ST,24857
LUKE,DREFAHL,MARCY PL,60750
CLAIRE,MIHM,SYLVAN DR,19159
Leila,GARCIARANGEL,SANTA MARINA ST,52924
Kyle,ALBAVERA,CATALINA ST,52486
PINCHAS,LAFALCE,WASHINGTON BLVD,43724
Jazmin,HENCHEL,HARRISON ST,96323
Jason,HUSSIEN,PEREGO TER,10812
SYDNEY,ARREY,FOERSTER ST,87607
MARTIN,MINICOZZI,IMPERIAL ALY,23622
Ayleen,JARMON,TRUMBULL ST,88203
CHARLES,GIRLEY,DE MONTFORT AVE,70300
Dov,BELENO,CHENERY ST,3691
Joanna,BENDOR,FUENTE AVE,90084
Mohamed,RIVEROS,MCCARTHY AVE,60436
LUKE,MIKULKA,HWY 1 NORTHBOUND,69020
Alison,SCHNESE,KIRKWOOD AVE,8999
LUKE,NISIEWICZ,HUNTERS POINT BLVD,29582
Alyssa,WIITALA,WIESE ST,28161
ADONIS,TOUNGATE,HEATHER AVE,94163
Adyan,BLAMEY,MIDDLE WEST DR,47145
Bryce,SPEIGNER,VERMONT ST,93253
Nathan,LANDENBERGER,UNNAMED 010,82998
Wyatt,WESBROOK,SEAL COVE TER,10927
Damien,WALLEN,ARAGO ST,64741
RAYMOND,MAHIDA,PUTNAM ST,8461
Milan,RAHAT,DAKOTA ST,23018
Miles,ARAGONA,HOWARD RD,68206
BELLA,BAGGARLEY,FAITH ST,35589
MIRACLE,NEHF,NAGLEE AVE,31421
ANDREW,SELAH,BROWN ST,34017
JAYLAH,GALACGAC,DUNNES ALY,5251
Jada,PORTILLA,DEARBORN ST,63848
LUKAS,ABRANTE,DR TOM WADDELL PL,41356
Paula,KUHLKE,OSCEOLA LN,67224
Lina,MILLEMAN,AUGUSTA ST,5464
PAIGE,SCHAAPVELD,MABEL ALY,13965
Elias,TESSNEAR,MUIR LOOP,54500
Jaylee,MICHELSEN,TOWERSIDE AVE,73806
Luke,AUSBIE,MARKET ST,89260
David,BOUCHE,ROSSMOOR DR,15635
ARELY,JUERGENSEN,RUSSIAN HILL PL,8274
Maya,CORBO,REDWOOD ST,70497
Dylan,GRINDELAND,BONITA ST,85535
Ayden,SANSOUCY,LOWER TER,47613
JULIET,VILLAVASO,STEINER ST,1204
Alma,VANDENHEUVEL,LAKEVIEW AVE,40943
Grant,DIMEZZA,BROADWAY,41348
Bryanna,BOICH,HAMERTON AVE,47340
Steven,IVORY,UNNAMED 128,80268
Aubrey,TIXI,RANDOLPH ST,62465
KAMILA,CASOLO,MARGRAVE PL,49304
MIA,HICE,EUGENIA AVE,28877
KYLIE,DONDERO,CLEARFIELD DR,35529
ALINA,HASSELBACH,SOUTH PARK,28428
MINDY,FERONTI,POLK ST,37132
Parker,JAFFAL,FRANCONIA ST,32386
ROWAN,FUGON,EDDY ST,93144
LIAM,AREVALO,ANGLO ALY,61894
Wyatt,CREITZ,LEIDESDORFF ST,72668
Cesar,WORGULL,40TH AVE,73820
Milana,BURCKER,TUSCANY ALY,77446
Isla,ACHUFF,HUNTERS POINT EXPY,10038
Leila,TASKEY,WILLIE B KENNEDY DR,98301
Evelyn,DEGRO,SUNNYSIDE TER,49769
MATTHEW,ENTIN,03RD TI ST,31562
TRAVIS,MOAKE,02ND ST,98588
Tamar,RISDEN,CAMBRIDGE ST,81831
RIVKA,BETIT,MARTIN AVE,21873
DANIEL,HUGEN,UNIVERSITY ST,53621
ANDRE,VANDERLICK,VIRGIL ST,23280
LIPA,BUGARIN,J ST,91174
ALIZA,STROUTH,MACEDONIA ST,87278
KENYA,THUNSTROM,PEREGO TER,16003
NATHANIEL,BERNIK,ASH ST,67472
Jordan,SONDREAL,SEARS ST,49779
Mya,AVOLA,EDGAR AVE,89914
Kareem,COYOY,ONIQUE LN,20004
Jessica,YANZA,20TH ST,94616
ANDERSON,GREENO,ROUSSEAU ST,69766
JACOB,KOUGIAS,COLLINGWOOD ST,3930
Jonas,VITTETOE,VASQUEZ AVE,88201
Luz,RITTWEGER,CRESTLINE DR,26136
BRYANNA,AUSBY,COLLEGE AVE,89922
KYLIE,LOPEZHERRERA,RESTANI WAY,16579
KING,BOSIER,LYELL ST,62957
Chana,AMORA,ORD CT,32168
PEYTON,SHERAN,BLYTHDALE AVE,19698
RONALD,GOTTO,VENUS ST,65275
Pessy,ELARDO,LONE MOUNTAIN TER,34473
JASON,SCHWEIG,THOMAS CT,80604
Kimberly,COLKITT,PERSHING DR,89817
Hindy,CORDERA,OLNEY AVE,83977
Alessandra,SHYAM,EASTMAN ST,22560
Maia,FORNEAR,UNNAMED 107,48333
BENTZION,SWINIARSKI,CLARKE LN,66176
Alexandra,SOU,BATTERY WAGNER RD,43774
SKYLAR,CHRISTENBURY,FORT MASON 12,81463
Jasmine,AABERG,ALTON AVE,38973
JONATHAN,HAUSENFLUCK,EL DORADO ST SOUTH,56680
SHAINDEL,HITESHEW,WATCHMAN WAY,55207
Avigail,LAGROTTERIA,CATHERINE CT,99228
KAYLA,CONKWRIGHT,SANTA ROSA AVE,90373
HADASSAH,KNETTEL,UNNAMED 105,4812
CONOR,GREVING,HOWARD ST,41757
Goldy,BOSCA,FRANKLIN ST,94053
Zara,SIROTKIN,07TH ST,11713
Shmiel,SAMANIE,WESTBROOK CT,53349
SANAI,GAA,GATEVIEW 1 CT,49451
NOAH,KLOPP,LYELL ST,77273
Hadley,LEYLAND,DIXIE ALY,28396
ERICA,MALINGER,HARTFORD ST,97571
Quinn,KLUDT,JEAN WAY,23513
Kailey,PARAZOO,GENE FRIEND WAY,37521
Ava,GUERCIA,JENNINGS ST,40146
Ibrahima,REUPERT,BANKS ST,90028
Kayla,TURKOVIC,OAKHURST LN,10699
Lipa,STEINKIRCHNER,LOCKWOOD ST,63606
Joel,PROCKO,SYCAMORE ST,94188
ROMAN,MCGILTON,MORELAND ST,2080
Eddie,KOCHMAN,DOLORES TER,47753
Rowan,GALVEZ,CARVER ST,82402
ANA,PUNJABI,VENTURA AVE,56772
Julien,VALLARINO,LURLINE ST,45885
LIV,WECKERLE,UNNAMED 087,78661
Alyssa,WITTEBORT,MILLWRIGHT COTTAGE ACCESS RD,13410
Axel,CROMAN,HUBBELL ST,40950
Aicha,CHECA,UNNAMED 124,56538
ADRIANNA,MASTROROCCO,MIDWAY ST,42954
Pearl,HASLIP,VIA BUFANO,27385
VALERIE,BESLEY,MERLIN ST,98630
Angela,KINKER,ROSE ST,92779
NAOMI,BHOJANI,LINCOLN BLVD,56747
Sienna,BOMHOFF,ROCKDALE DR,2122
Louis,BABA,RACCOON DR,14708
NOEMI,PYTLESKI,RACINE LN,14665
EMILIO,KONECKY,I-80 TO HWY 101 RAMP,24328
Brendan,GOYNES,CRISSY FIELD AVE,85463
GIOVANNI,SICKINGER,CUNNINGHAM PL,46306
LIZBETH,BORIO,IGNACIO AVE,22005
Jeffrey,MADAYAG,PRENTISS ST,24816
Mackenzie,RIACH,TAYLOR ST,89600
MARTIN,DESANDO,CLEVELAND ST,88264
Annabelle,PIRKL,EL DORADO ST,80586
LUCA,BOLDUAN,HOWARD CT,89337
BELLA,HOVANESSIAN,AMBER DR,22302
Natalie,NERIO,OAKDALE AVE,52963
Alan,DERNIER,FIRST DR WEST,82475
Shaindel,VINGE,MEADE AVE,17625
Brian,HETTLE,CLAUDE LN,19420
ROCCO,AHRENDSEN,BONNIE BRAE LN,1841
Mark,WARAKSA,UNNAMED 036,83165
ANDERSON,DEREJE,VARNEY PL,73079
Kayla,CROUNSE,OTTAWA AVE,28005
Nathaniel,COCKRUM,GREENWICH CT,27326
Hunter,MCMAHEN,EL DORADO ST,54741
Eleanor,ORNDOFF,CLEMENTINA ST,19209
Daniella,DWAN,SANSOME ST,94566
LUCA,ERHARDT,GARLINGTON CT,94478
George,FRATTURA,PARAMOUNT TER,83855
HELEN,SKOLODA,GEORGIA ST,71545
JOHNNY,TANGHE,TIFFANY AVE,41427
Nathaniel,WAKIN,11TH ST,42271
Madison,BAKERINK,SHORE VIEW AVE,2938
Zachary,JEMMOTT,MALVINA PL,30420
CHAIM,GRONLI,SIMONDS LOOP,43581
Daisy,FAY,VIDAL DR,3795
Amina,ROMOLO,GATEVIEW 3 CT,40005
Joselyn,PAPAGNO,24TH AVE,57989
Wendy,RIETA,RICHTER AVE,67425
Devin,YANNUZZI,MERCEDES WAY,99622
KAMERON,DERITO,GAVEN ST,98463
ANDRE,GHARBI,LETTUCE LN,98036
ANGEL,BILLONES,WHITING WAY,67302
Yitzchok,PHIRI,HALLECK ST,4549
Cheskel,OSTHUS,KENNY ALY,64348
Sergio,BUDNEY,ARLINGTON ST,73837
Andre,MATTINGLY,R ST,9111
Zion,ZWANZIGER,FANNING WAY,76253
Ruben,ROBITAILLE,ROCKAWAY AVE,95689
Kai,SEVILLA,WAYLAND ST,90930
Yitty,BOCKMAN,KEARNY LN,2542
HEAVEN,PENNISI,BUSH ST,74786
Bracha,YOWLER,CENTURY PL,66805
LORENZO,SHIFFERT,GEORGE CT,55299
SYED,MONTEALVO,BERRY EXTENSION ST,75181
Dean,DOBESH,ZANOWITZ AVE,21582
RYAN,VANOSDELL,FLOURNOY ST,86525
Khloe,RUDICIL,BROOKDALE AVE,4875
Ivy,BILOTTI,SONORA LN,52003
Annalise,SMITHJACKSON,SKYVIEW WAY,66396
Gia,RUSSILLO,HUNT ST,9377
CALVIN,MICK,UNNAMED 068,61813
Xavier,VOSE,FAIRMOUNT ST,55969
Ariella,SVALDI,CUSTER AVE,23622
Noah,UNCLES,ROBINSON ST,62896
Blake,SEDIVEC,OLNEY AVE,17615
Lillian,MUGAVERO,FLINT ST,56683
LOLA,CARLOMAGNO,JONES ST,46109
Elliott,SPRENKEL,CAPISTRANO AVE,42450
Jayleen,TRIBLEY,ORTEGA ST,37775
CALEB,GETCHIUS,CASTELO AVE,33381
Lesly,INGEGNERI,FAIRBANKS ST,11836
Derek,WHEALTON,DORE ST,23264
Athena,HAYLES,IRON ALY,55821
GRAYSON,ROLLINSON,CHAPMAN ST,4101
NATHANIEL,AZEEZ,STAPLES AVE,99835
Jayleen,LABECK,HOLLISTER AVE,64966
HERSHY,FLUCK,WILLIAR AVE,32772
Adrian,RHEAUME,JOSEPHA AVE,85047
Mina,EYRAUD,POPPY LN,26170
Adrian,MOSBACH,WATT AVE,89586
SEBASTIAN,PABIAN,ORSI CIR,90214
Alice,LIPOVSKY,KNOCKASH HL,81620
Mila,CHMELKA,BRIDGEVIEW WAY,17070
SIENNA,GAVIS,DESMOND ST,766
CORA,POERIO,WYMAN AVE,16526
GABRIELA,GAPSKI,RENO PL,26441
Devora,ANSTADT,SANSOME ST,44898
Mariah,MENOR,GRAND VIEW TER,43827
Alyssa,KORTLEVER,SANTA YNEZ AVE,5269
James,SHESKEY,NATOMA ST,30579
Maximiliano,ANGELOV,COSMO PL,68723
Adan,DONESKI,MARKET ST,74663
Luke,HONIG,OVERLOOK DR,56904
ELIJAH,WELESKI,MILES CT,57692
Christian,SOREN,ROSSI AVE,31971
Ben,SCARAFILE,SAN DIEGO AVE,76235
Savannah,ROUSSEY,COTTAGE ROW,89225
Alyssa,HAUZE,CHAIN OF LAKES DR,32661
Sophia,BEISCHEL,HAMILTON ST,53495
Atara,FRYMIRE,THOMAS AVE,39130
Nathan,RINEHIMER,GREENWICH ST,9289
WILSON,BOURGOIS,FREDELA LN,97714
Kaitlyn,PESHEL,APPLETON AVE,69060
ASHLEY,GONZALEZMARTIN,EVELYN WAY,39032
NYLA,KNIZNER,TOLEDO WAY,93354
Jasmine,BUTZKE,LIBERTY ST,96925
LOUIS,BEVERAGE,CEDAR ST,14488
WENDY,PISOR,COMMER CT,18587
Sarah,UNKRICH,CLAUDE LN,13056
Daniella,CANONGO,GOLD MINE DR,65119
Mila,WERVE,VISTA CT,49871
Nadia,HASCHE,CLARKE ST,60803
Skylar,CHOUDHARI,MARY TERESA ST,34170
JERMAINE,IRESON,BROOKLYN PL,40149
Fabian,AZZOLLINI,PRESIDIO BLVD,22145
JEFFREY,LANGDELL,SPENCER ST,9078
Eliezer,GALLIONE,CUMBERLAND ST,59962
Jonah,RIFENBERG,SANTA ANA AVE,77227
Lilly,LUMUMBA,ASH ST,16905
ARIA,CONTRES,BURKE AVE,1309
RICARDO,RIOSSANCHEZ,DUBLIN ST,30279
SHANIA,BALTAZAR,ONONDAGA AVE,2627
Samantha,CURTIN,ROSELLA CT,41070
ARON,FAVRET,LONG BRIDGE VARA,9331
Anastasia,TRESCA,BLUXOME ST,54197
BRYAN,SNELLBAKER,SHERIDAN AVE,67855
Diego,MENSSEN,TONQUIN ST,91076
SHIA,BROMLEY,HAVENSIDE DR,10367
Ariana,MULREADY,30TH AVE,88838
Rodrigo,SMELKO,CROSS ST,11237
Liliana,HAKIZIMANA,HARRINGTON ST,82734
HAYDEN,NIEBLES,UNNAMED 128,40892
Jael,FENZEL,LAMSON LN,80794
Binyomin,FORSLIN,VICKSBURG ST,47989
JOSEPH,USHIJIMA,UNNAMED 051,15266
Marcos,PRIAL,FITZGERALD AVE,27316
KAYLEE,DIETIKER,ADAM ST,20754
Anastasia,MARDO,MELROSE AVE,95436
McKenzie,BURDETTE,MARS ST,11462
JAYLA,SCAVUZZO,WATTSON PL,97497
ARIEL,WOKER,42ND AVE,30695
Aharon,RAPPOSELLI,PROSPER ST,33882
Michael,WIBOWO,ELMIRA ST,50352
Justin,BABAR,CLARKSON ST,57115
Matias,KAPTAIN,HAYES ST,26728
JADE,TOUTGES,GREENWOOD AVE,78923
EVANGELINE,KIESAU,MAYWOOD DR,15061
CECILIA,SEKINGER,DWIGHT ST,88720
KEITH,CAMPESI,RINGOLD ST,64639
Matteo,HALFEN,SEYMOUR ST,75427
Charlie,RIDEN,FOOTE AVE,71910
Jazmin,HOIER,CYPRESS ST,93289
Damian,GEISS,FAIRFIELD WAY,99856
Jaden,WYKOWSKI,LOMA VISTA TER,81133
Alexis,PATRONI,BEACON ST,29344
Sawyer,CABANERO,PATTEN RD,23188
Aniya,DULDULAO,GREELY CT,61546
Melany,JAO,BATTERY SAFFORD RD,23498
Gianna,KROB,EDIE RD,68082
ANASTASIA,VYBORNY,CUNNINGHAM PL,84510
Parker,BERSON,48TH AVE,3871
LUNA,GOZALES,BORICA ST,47291
Meshilem,DAYOUB,HAMERTON AVE,36686
Hadley,MAUCIERI,HWY 101 SOUTHBOUND RAMP,7623
Lillian,PIERARD,NEVADA ST,30403
SIMONE,GIRVIN,ENTERPRISE ST,60496
ANNA,HOFFNAGLE,IVY ST,8499
Anabella,VELAND,SOUTH PARK,30426
EILEEN,BEAUBOUEF,HALLAM ST,88353
MENDY,EDGINGTON,RADIO TER,47683
Mateo,BIAGGI,PORTAL PATH,18681
SHAWN,CHESSOR,MACALLA CT,65037
Jefferson,PICKEN,FINLEY RD,29428
Alberto,GERNANT,PANORAMA DR,76075
Hector,WIMBS,LENDRUM CT,46609
Felix,CASTILLORODRIG,MCDONALD ST,55783
PINCHUS,WASSERMANN,BANCROFT AVE,67380
JOSIAH,WIBBERG,DIRK DIRKSEN PL,30486
AVRAHAM,DINKA,ODD FELLOWS WAY,93406
Fatima,KOLKHORST,SHIPLEY ST,17848
MIKAELA,TILLS,MUIR CT,5934
JAZLYN,OHLMS,BATTERY CRANSTON RD,11010
ANYA,ABDULAHI,TUSCANY ALY,20666
Rodrigo,OVERKAMP,STERN GROVE CT,80097
Albert,AMANCIO,FREDSON CT,1293
Juniper,HERNAEZ,29TH AVE,20903
Lola,KHALIFE,UNNAMED 026,24810
Alexia,GELTER,PALOMA AVE,95482
CAMREN,BAIG,OLIVER ST,47599
Kelly,BESLER,CRAUT ST,98383
NYLAH,BEDENBAUGH,CARPENTER CT,34300
Louis,HINSDALE,23RD ST,50999
Claire,SCHIBI,CONNECTICUT ST,266
Lisa,DOWDEN,FARNSWORTH LN,58663
Frederick,KALFUS,44TH AVE,68892
Victoria,SUDELL,GAISER CT,66156
Darwin,SCHMIDTLEIN,BIRCH ST,96888
Gianna,SPECIALE,ONONDAGA AVE,12067
YIDES,COPSEY,FARNUM ST,69372
Tony,VELLER,LAS VILLAS CT,51147
Elias,CARBRAY,MAYFLOWER ST,48190
GENESIS,GALLIA,STANDISH AVE,11966
MOHAMMAD,BETTI,HOTALING PL,29314
Malachi,TYRE,VILLA TER,5198
TIMOTHY,MIRIELLO,TREASURE ISLAND RD,26122
Dahlia,PYO,ALLEN ST,23924
SERENA,WITZEL,JOHN F KENNEDY DR,88074
JADE,MULINA,TIOGA AVE,87622
Sarah,LYERLA,DUNCAN ST,67136
HINDY,NIBERT,BROTHERHOOD WAY,37908
LEON,BROOCKS,MULFORD ALY,96067
Timothy,NONAKA,SPEAR ST,79677
DESTINY,LIST,WALL PL,64460
RICHARD,URENA,KELLOCH AVE,30542
Mason,SHEGA,AHERN WAY,99198
DANNA,FLEWELLYN,UNNAMED 152,1093
Journey,HOPFINGER,HARRY ST,95503
ELLIE,POLEY,PERALTA AVE,67725
Otto,LOVILLE,COTTER ST,92946
Emanuel,BOVO,SOUTH GATE RD,32534
NECHAMA,GUILBAULT,RUSSELL ST,55181
MIRI,PELZMAN,IGNACIO AVE,7144
Jessica,LAKATOSH,ROSEMARY CT,68706
Yariel,THA,HESTER AVE,77111
JOSHUA,VARUGHESE,COVENTRY LN,34743
HALEY,DUBLO,BLANCHE ST,23091
JOEL,SCHNELLE,FUENTE AVE,46605
Jimmy,CULLUM,DELMAR ST,21841
Arisha,LOURY,PARNASSUS AVE,88973
DAPHNE,PERIMAN,POPE ST,77245
Logan,WINSCOTT,LUCY ST,32134
KIERAN,DELLORSO,CRAIG CT,87714
Oliver,PEESO,EGBERT AVE,13639
Sienna,ZEMEL,YERBA BUENA LN,10798
Olivia,TRAMUTA,CANBY ST,75986
DWAYNE,MOSCHINI,RAYBURN ST,97052
Ariel,LAZIER,SKYLINE BLVD,82668
NIGEL,LEGORE,ARCH ST,80456
SHAWN,BOHME,KRAMER PL,73115
Stephanie,SADR,LAPHAM WAY,85467
ANNA,BICHA,WINFIELD ST,71056
Alvin,ANICA,SOUTHERN HEIGHTS AVE,28329
KATHERINE,MEUDT,PUEBLO ST,43926
BLIMY,KOMOTO,ITALY AVE,2021
HARMONY,BROSSETTE,OLIVER ST,46481
Cooper,RIOPEL,SCIENCE CIR,53008
NICOLAS,OVERGARD,CRESCENT CT,43694
ISRAEL,STOHL,BOWLEY CT,25700
Lydia,URDA,NAGLEE AVE,82125
Gitty,MENKING,DORMITORY RD,98650
Simone,GERLA,SAN BUENAVENTURA WAY,59013
Angie,ENE,JOOST AVE,79375
SANIYAH,PIKUL,LYDIA AVE,41298
LITZY,DIPPRE,SWISS AVE,26729
SHAWN,SCHAMS,FLINT ST,47179
Nicole,PILLAI,LEXINGTON ST,27209
Elias,LUBBE,INFANTRY TER,23677
ISAAC,STORTZUM,PRIEST ST,14016
Hunter,COSTANTINO,WHITFIELD CT,46208
Wilson,VIANO,RUGER ST,31771
NOEL,DEMBOSKI,PEREGO TER,50279
Ariella,PISTOLE,GREENVIEW CT,29383
Alanna,MASROOR,AMATURY LOOP,71500
CATHERINE,TOPACIO,ARCO WAY,47836
Noah,KELDSEN,ELIZABETH ST,61726
ALESSANDRA,JASICKI,HARLAN PL,42835
ERIC,BROKISH,CANDLESTICK COVE WAY,70424
KAYLEE,VERCAUTEREN,BALHI CT,48534
LILIANA,MIYAJI,08TH TI ST,82804
MOSHE,HOLTOM,OXFORD ST,90309
Selena,SARANDREA,DASHIELL HAMMETT ST,50874
CINDY,MARCAIDA,HWY 101 N OFF RAMP,28384
CALEB,BONNELL,CUNNINGHAM PL,2039
Elvis,ZAFONTE,UNNAMED 064,3925
AUDREY,CRIST,DE SOTO ST,46916
ANTHONY,GEVERS,PINK ALY,22360
CHANCE,VEHIGE,SHELDON TER,22574
DEVIN,TAYYAB,45TH AVE,69244
ARIANA,KORTHUIS,VERDI PL,26647
Grayson,CUMELLA,RICHLAND AVE,72659
LAYLA,HARNIST,VAN KEUREN AVE,94423
Gustavo,MARHOFER,SOUTHERN HEIGHTS AVE,10897
HAZEL,WISER,PACHECO ST,34763
Nicole,COTTAM,EAGLE ST,3988
RILEY,MICHALSKI,HAMILTON ST,50488
JENNA,RAMCHARAN,HWY 1 TO HWY 101 SOUTHBOUND RAMP,22448
Neymar,LATORA,RICO WAY,10279
Khadijah,INZUNZA,THORNBURG RD,75277
LIZ,WOLDU,HASTINGS TER,45593
ETHAN,SCHNUG,REDONDO ST,35379
SORAYA,RITH,NELSON RISING LN,97259
DOVID,SALAMON,GLENBROOK AVE,23952
ESTHER,STASKAL,LAKESHORE DR,67121
Ariel,NACOSTE,WASHINGTON BLVD,16113
MIRANDA,ROSETO,KNOTT CT,55498
HARRISON,KACPROWICZ,NORFOLK ST,72270
Owen,MALGERI,HASTINGS TER,10746
Amiya,FIRLIT,MARINA BLVD,57499
Nathaly,MCCUMSEY,LA BICA WAY,15781
CHAVA,OBERBROECKLING,JOICE ST,51568
Leonardo,BUBIER,KOHLER PL,45948
JASMINE,TOBIE,ORIZABA AVE,5347
SHIMON,MONTES,TAMALPAIS TER,30878
Emilia,PERGER,PETERS AVE,82655
JEREMIAH,DIPIETRO,LAKESHORE PLZ,68731
Ivy,ROGMAN,GRATTAN ST,14561
DANIEL,DAUTRICH,STANYAN ST,27469
Adriel,GOEDEL,WILLIE B KENNEDY DR,78858
Dahlia,PETRACEK,MCDONALD ST,16610
Vincent,VANDERPLUYM,CRISSY FIELD AVE,79380
John,VISHNEVSKY,MONTCLAIR TER,60906
ZALMEN,KURRLE,AVENUE D,14377
LEO,HOMMERDING,VINE TER,75201
Leonardo,SIMONEK,BALTIMORE WAY,77189
MESSIAH,STAFF,SAN FRANCISCO GOLF CLUB RD,7655
JORDYN,WIMS,15TH ST,89671
ALANA,SHAKARIAN,MANGELS AVE,45317
LORENZO,PICHON,WHITING ST,84169
ADONIS,WARNIMONT,THOMAS MELLON DR,25408
David,GROCHOWSKI,HAMPSHIRE ST,37275
Jasiah,SLOBODIAN,GRATTAN ST,12554
Mekhi,BROADAWAY,MERRIAM LN,69803
Steve,BULNES,NORTH HUGHES LN,59131
HARRISON,GOLDSHTEYN,VASQUEZ AVE,98907
MIA,BREHL,JOICE ST,54177
Sophia,GLODE,ROSEMONT PL,70728
JAYDEN,SARKAR,MANSELL ST,40259
LUZ,SMALDONE,I-280 S ON RAMP,28358
Evelyn,BURRIDGE,HANGAH ST,6852
Elijah,KLAVINS,MERCHANT ST,60472
JOYCE,MURASHIGE,SHAWNEE AVE,76526
Jacqueline,ALEXANDROV,WASHINGTON BLVD,32634
Alexis,QUERNEMOEN,UNNAMED 065,82030
Layla,HIGHLANDER,BAYSIDE DR,6340
BRYAN,LIKINS,NELSON RISING LN,57251
Sophie,STUEVE,SANTA MARINA ST,57512
Lia,MINCIELI,CLARENCE PL,42146
Maximilian,LAKHANI,GRIJALVA DR,47047
OMAR,BULLOCK,HAYES ST,80718
Catherine,SONGY,BERGEN ALY,17190
NICOLAS,BOYSTER,HILLCREST CT,77746
ELENA,STEINIGER,GIBSON RD,28176
Tenzin,MERCKLE,MABEL ALY,28234
YITTY,PONTICELLO,EAST RD,17763
Ali,ABDI,STILWELL RD,71957
NELSON,TOUGAW,ERKSON CT,75393
Shmuel,CAMBA,PINEHURST WAY,27924
NICOLE,HODEN,JEROME ALY,82662
Sophie,NINER,ARGUELLO BLVD,16566
Bianca,MEDILL,BURROWS ST,54134
Brian,HOHOL,WINN WAY,53075
TALIA,PHILEMOND,PARIS ST,51425
Mariama,KORKMAZ,ARDATH CT,48576
NICHOLAS,VEDROS,MAXWELL CT,59348
Justice,BONKOSKI,APPLETON AVE,35207
James,DEDMOND,LAUSSAT ST,67191
Joseph,ANDREOZZI,TRAINOR ST,73613
Joaquin,COTTONGIM,08TH TI ST,19791
LAUREN,HILLIER,ACEVEDO AVE,44400
SARIAH,DUKATE,OAK PARK DR,64531
Paige,SOUTH,ELLSWORTH ST,15880
AYLA,CASEMAN,JUDAH ST,9036
JALEN,WHIRLOW,STONEYFORD AVE,31507
Luis,NINH,MARCELA AVE,87911
PINCHAS,BOILEAU,FOWLER AVE,28859
BRYAN,MARIANI,KENNY ALY,83623
John,TOMBS,STONEYFORD AVE,10752
Nicolas,RODENBAUGH,08TH AVE,68237
Neymar,PHOTHISANE,VENARD ALY,55853
Rifky,HILKER,HARRISON ST,10345
Mariam,CHARNO,NAVAJO AVE,18126
ANALIA,VANLAARHOVEN,BERNICE ST,7215
GUADALUPE,KOWALK,BURRITT ST,5758
ANSON,KESHISHIAN,RICHARD HENRY DANA PL,81314
Preston,SAPORITO,MARSHALL ST,95051
Danielle,ALPERS,HARRIET LN,46693
Ali,COULOMBE,ESMERALDA AVE,32659
Aahil,WILTBANK,DAWNVIEW WAY,66511
Logan,WANTROBA,CHARLES J BRENHAM PL,64010
IAN,SKIPP,UNNAMED 124,26350
AMAYA,ALLICK,HEYMAN AVE,54687
Noah,MATTLER,MENDELL ST,99600
Kylie,BEDNARZ,GALILEE LN,38357
ROCHEL,TUTAK,MARK TWAIN PL,59906
Zion,COGHLAN,VARA ST,82863
Daniella,TJELMELAND,CENTURY PL,93969
Alina,MATAU,ULLOA ST,2013
Yisroel,BAREA,UNNAMED 078,73865
EMMETT,MOORAD,CUMBERLAND ST,64918
GRACE,PARANA,HOOKER ALY,13710
ZOE,PURBAUGH,BRUMISS TER,46311
JAYLENE,CAUM,STANYAN BLVD,84001
Yides,GEBEL,UNNAMED 101,40752
AXEL,RAGHU,BERKSHIRE WAY,76104
Jace,CHEPULIS,BOSWORTH ST,23447
VICTOR,FILIPSKI,GUY PL,33107
Eli,BAYLIS,STANFORD HEIGHTS AVE,62451
YITTA,BUDHOO,ELLIOT ST,87856
Shmuel,CAFASSO,MARTINEZ ST,75011
MYLES,MOROVICH,THORNTON AVE,63742
ALESSANDRA,WASELESKI,AUGUSTA ST,6003
KAIDEN,JAQUES,KEITH ST,12505
Amir,SOLLMANN,BRUCE AVE,16526
Jayce,ELA,SEAWELL LN,92728
Mohammed,LATTIME,UNNAMED 142,81191
Angelina,DURYEA,HARDIE PL,85343
Alan,DATER,TRANSBAY LOOP,98071
Stephen,GIANGRASSO,CADELL PL,41225
HANNAH,FROMM,GIBBON CT,20160
PEREL,STELLY,CUSTER AVE,43116
AMANI,DEHUT,ALHAMBRA ST,7287
Antonio,MOHLING,SKYLINE BLVD,90292
Annabelle,ROTONDO,CLARKE LN,11759
ARIANNY,NOEY,EASEMENT,45973
Kylie,LEGGIO,HIDALGO TER,96402
Andrew,STUBBLEBINE,GARFIELD ST,81398
Alexis,LOIGNON,LOMBARD ST,43739
MILO,LAZAROU,GERMANIA ST,36050
ARIANNA,FERGSON,UNNAMED 036,55939
Hunter,MCEATHRON,EWER PL,42099
Bruchy,PSIMER,DEEMS RD,92390
SASHA,TRESSER,REEVES CT,10304
Julia,ILLIDGE,SIGNAL RD,24430
Salma,BROADEN,03RD ST,98849
Salma,OTILLIO,ROSELYN TER,72925
ANNABELLE,ABSOLU,AVENUE M,72946
GIOVANI,MAZUROWSKI,AGNON AVE,52355
MAMADOU,DEGRUCHY,EAST CRYSTAL COVE TER,6064
Devin,MCCAUGHN,MCNAIR CT,8145
Elena,VOGELEY,LOBOS ST,74206
ROSELYN,ODOOM,GALEWOOD CIR,27905
Aidan,VANDENBOS,CAMPBELL AVE,70855
Devorah,BROCKMEIER,HWY 101 NORTHBOUND RAMP,65449
SIENNA,CIMENT,PETERS AVE,45406
JAELYN,MARCELLO,BLYTHDALE AVE,58265
Eva,CARDENTE,SWEENY ST,19777
Kate,ZINE,COLUSA PL,35457
Aubree,BUNYI,LAMSON LN,31229
Rivka,HARTKE,GRAYSTONE TER,7754
Hugo,MCCARRELL,LIBERTY ST,87466
Riley,NUNOZ,SKYVIEW WAY,3149
Elliott,STREMPEL,POPLAR ST,48806
ARMANI,VULTAGGIO,FISHER LOOP,62719
Christopher,TEGG,HOFFMAN AVE,63045
Shmuel,ADAMUS,SANDPIPER COVE WAY,10678
BRANDON,SVIR,RANKIN ST,86956
CRISTINA,BEDDO,UNNAMED 037,52329
ENRIQUE,TUGGLES,CHABOT TER,96847
BRANDON,RECHSTEINER,OLORAN AVE,19209
Malachi,ZISK,FENTON LN,22941
IDY,TAPPA,CLIPPER ST,26486
Victoria,KRZAN,ORBEN PL,46318
Dean,ROBBERTS,IDORA AVE,24070
Nathaniel,LI,EMERALD LN,73587
Kylie,MOXAM,SANTA MONICA WAY,88966
Hunter,KIMMINS,BELLA VISTA WAY,36346
Daphne,STREDWICK,YERBA BUENA DR,16210
Max,RANJIT,BARNARD AVE,7859
Elimelech,MADRUENO,PIOCHE ST,96899
ALLAN,MEHARG,WHITECLIFF WAY,24159
Anna,VITTER,SANTA CRUZ AVE,79373
Aissata,DIANO,INNES CT,94017
Salome,BIRKENHAUER,MALDEN ALY,4730
Israel,SUTHER,HIMMELMANN PL,60774
YIDES,HIGHLAND,VISTA CT,92854
Avrum,AMELUNG,SALINAS AVE,60017
ANGELICA,ANTONETTI,BEHR AVE,62053
EMILY,NEUZIL,BIGLER AVE,80167
Caroline,LOCKNEY,RHODE ISLAND ST,42763
Penelope,HSING,BEIDEMAN ST,65277
KYLEE,BOAKYE,KING ST,28693
Alexander,UNAL,14TH ST,20094
Michaela,PRUNIER,WILDER ST,47613
Mariana,STEIBER,CHINA BASIN ST,56673
Evangeline,BUI,UNNAMED 113,75653
Judy,RIGGANS,WALLEN ST,75311
DIANA,SHELKO,WILLIAR AVE,33186
KEVIN,TEELE,CENTRAL AVE,47457
Jordyn,DURBEN,MERRIAM LN,87134
ESMERALDA,PERONI,CAIRE TER,75614
BLAKE,SEVERINSEN,SUNNYDALE AVE,59988
Skylar,REBARCHEK,OXFORD ST,27723
Sophia,CORTEZGARCIA,HELEN ST,61348
DANIELA,GARLETT,CATALINA ST,20829
Isaac,LONGHI,RINGOLD ST,87020
SLOANE,SHNAYDER,MAULDIN ST,82416
Arianna,STOCKDALE,RUSSELL ST,2454
Luna,HEINZER,ROSEMONT PL,38085
NATALIA,MUFFETT,PRESIDIO TER,88281
Xavier,HENOCH,COVENTRY CT,43723
JUDE,DOUSAY,SPRING ST,94034
Amy,REAVEY,ANDREW ST,69875
McKenzie,MANDY,WASHINGTON ST,55638
Aria,LUDOVICI,ZENO PL,88985
CHAD,MAKSYMOWICZ,LENOX WAY,23910
Felix,TROVATO,LOUISBURG ST,753
ANYA,SKILLEN,WESTBROOK CT,78924
Zoe,HARMONSON,MORNINGSIDE DR,28723
Sincere,BARGMAN,ROCKWOOD CT,95262
Livia,PALUSHAJ,ALBION ST,92246
Poppy,NIEDERT,PAGODA PL,16209
Noah,GAMMEL,01ST ST,7676
SKYE,KENDEL,FARNSWORTH LN,2743
ELIZABETH,KUTTNER,SLOAT BLVD,64099
Mark,PERICO,23RD AVE,81868
Tristan,GASIOREK,HYDE ST,53681
Mackenzie,CURNEL,SUNBEAM LN,24880
NYLAH,DANIS,CLOUD CIR,82520
Aliyah,ALARIE,MONUMENT WAY,54576
Amaya,SAILORS,NORTH DR,17117
LARRY,VANLANDSCHOOT,UNNAMED 190,64712
Michael,PROVENCHER,JOHN F KENNEDY DR,73070
LEVI,RISKA,DOVE LOOP,54186
Madeline,AUKES,06TH HP AVE,21079
